County,COUNTY_NAM,FIPS,% Low birthweight,Teen Birth Rate,Preventable Hospitalization Rate,% With Annual Mammogram,% Children in Poverty,Injury Death Rate,Life Expectancy,Age-adjusted Death Rate,Child Mortality Rate,Infant Mortality Rate,Drug Overdose Mortality Rate,ELA Average Grade Performance,Math Average Grade Performance,Median Household Income,Homicide Rate,Suicide Rate,Firearm Fatalities Rate,COVID-19 death rate,% Frequent Physical Distress,% Frequent Mental Distress,% Adults with Diabetes,HIV Prevalence Rate,% Food Insecure,% Limited Access to Healthy Foods,% Insufficient Sleep,% Disconnected Youth,School_Segregation,Spending per-pupil,Women's Median Earnings,Men's Median Earnings,Gender Pay Gap,% Enrolled in Free or Reduced Lunch,Res_BW_Segregation,Res_WNW_Segregation,Juvenile Arrest Rate,% Homeowners,% Severe Housing Cost Burden,% Broadband Access,Population,% Less Than 18 Years of Age,% 65 and Over,% Black,% American Indian & Alaska Native,% Asian,% Native Hawaiian/Other Pacific Islander,% Hispanic,% Non-Hispanic white,Pct_Other,% rural,% Fair or Poor Health,% Smokers,% Adults with Obesity,Food Environment Index,% Excessive Drinking,% Driving Deaths with Alcohol Involvement,% Uninsured,% Completed High School,% Some College,% Unemployed,% Children in Single-Parent Households,Violent Crime Rate,Average Daily PM2.5,% Severe Housing Problems
Adams,ADAMS,42001,7.41,14.4,3661,51,11.1,78.35,79.61,296.81,45.18,5.01,17.5,3.17,3.24,70470,1.81,14.73,12.08,48.39,12.6,15.3,8.6,195.9,8.2,4.19,37.23,3.18,0.08,14415.5,40707,53024,0.77,38.78,49.73,34.06,17.42,77.85,9.6,84.16,102742,19.7,21.55,1.59,0.43,0.88,0.07,7.27,88.72,1.04,53.68,18.3,20.3,35.8,8.8,19,18.75,7.69,89.23,59.81,6.93,16.51,133.52,7.7,10.22
Allegheny,ALLEGHENY,42003,8.41,11.09,4223,43,13,108.02,77.86,371.71,52.18,5.97,44.3,3.37,3.38,64236,8.4,14.37,14.19,59.02,11.5,14,8.3,282.1,10.4,5.52,38.17,3.53,0.27,17723.67,48185,60423,0.8,47.11,64.02,49.44,24.35,64.28,12.26,86.03,1211358,18.63,19.8,13.19,0.16,4.31,0.04,2.33,77.79,2.18,2.49,16.5,18.1,28.7,8.3,22.52,23.1,5.11,94.83,80.85,9.02,25.82,394.53,13.3,13.76
Armstrong,ARMSTRONG,42005,7.41,19.08,3772,42,16.1,123.2,76.77,408.86,60.44,5.74,39.66,3.21,3.28,52958,2.6,20.6,15.94,37.7,13.7,16.9,9.1,69.6,12.1,2.05,40.97,5.17,0.07,16944,37475,50227,0.75,69.59,77.09,38.94,10,77.78,8.82,78.55,64162,18.93,23.26,0.88,0.16,0.29,0.01,0.82,96.93,0.91,67.49,19.4,23.8,35.6,8.3,20.34,43.59,6.52,91.79,55.13,9.77,22.4,108.07,7.8,10.49
Beaver,BEAVER,42007,7.28,16.66,4363,43,12.2,102.08,76.46,421.9,49.51,6.73,36.85,3.25,3.18,56649,3.35,14.74,12.25,87.46,12.9,16,8.7,93.2,11,9.39,39.53,4.94,0.2,16082.92,41778,57616,0.73,52.19,62.34,51.1,22.88,72.97,8.67,82.61,162575,19.24,22.46,6.32,0.19,0.59,0.05,1.89,88.82,2.14,25.83,17.9,21.6,37.3,7.8,21.57,19.7,5.65,93.76,70.63,10.27,26.17,265.15,10,10.43
Bedford,BEDFORD,42009,5.56,18.58,3112,46,14.4,109.27,77.65,391.3,56.49,,28.5,3.16,3.14,52643,,22.37,19.11,109.34,14.1,17.2,9.1,96.3,11.5,6.27,40.41,5.48,0.04,14037.4,33957,44868,0.76,49.69,65.64,22.43,,79.4,9.08,77.18,47817,19.21,23.96,0.63,0.18,0.47,0.04,1.28,96.61,0.79,83.79,20.1,23.9,34.1,8,20.38,17.07,8.39,88.66,51.34,9.12,15.32,80.44,8,10.72
Berks,BERKS,42011,8.14,20.26,4241,45,14,78.52,78.97,327.34,47.31,6.39,28.68,2.89,2.82,70057,3.93,14.72,10.55,98.04,13.1,14.7,9.7,317.2,9.4,3.29,36.32,5.08,0.3,15675.22,43421,53508,0.81,52.08,56.91,51.64,18.29,71.03,11.98,84.36,421017,22.06,17.98,4.28,0.95,1.61,0.22,23.14,69.59,0.21,23.74,20.2,19.3,34.4,8.7,18.67,26.67,7.59,87.21,58.55,9.48,27.27,299.9,8.6,14.64
Blair,BLAIR,42013,6.82,21.53,4178,41,15.2,89.17,76.55,410.27,51.23,6.26,26.28,3.01,3.01,52177,1.62,14.39,9.78,94.75,14.1,16.9,9.2,110.1,13,4.38,40.45,8.46,0.08,13151,39028,49139,0.79,49.36,69.6,46.76,26.81,70.26,11.06,80.03,121007,20.18,21.67,1.97,0.17,0.7,0.03,1.34,94.4,1.39,23.43,19.8,23.3,36.3,7.9,20.7,18.33,6.72,91.73,59.04,8.7,23.31,224.25,7.6,13.34
Bradford,BRADFORD,42015,6.24,28.07,5446,52,13.4,87.13,78.49,355.37,43.37,4.85,19.3,3.03,2.92,55787,2.35,19.14,11.22,55.05,13.8,17.1,9.1,82.5,11.6,4.72,41.12,11.51,0.04,15564.57,35252,49115,0.72,56.44,60.14,25.36,16.83,72.75,8.97,82.28,60221,21.85,22.35,0.68,0.3,0.72,0.02,1.54,95.69,1.05,72.17,19.7,23.2,37.1,8.1,20.06,27.45,8.19,89.78,54.43,7.5,23.5,181.19,6.7,10.86
Bucks,BUCKS,42017,7.54,5.68,3807,48,6.1,81.45,79.53,299.54,30.94,3.4,36.56,3.36,3.37,92441,1.75,12.8,6.82,90.68,10.2,13.1,8,177.1,7.2,4.46,35.35,4.99,0.1,18092,53659,71026,0.76,29.64,54.12,37.26,10.62,78.07,12.64,90.88,627987,20.03,19.85,4.13,0.3,5.41,0.07,5.9,82.8,1.39,8.83,14.4,16.7,31.4,9,21.19,28.4,5.38,94.3,73.21,8.3,17.66,96.24,9.6,14.54
Butler,BUTLER,42019,6.21,8.4,3507,47,7.8,84.57,78.78,316.14,38.14,3.87,33.28,3.45,3.44,74721,1.14,13.03,9.59,77.54,11,14.3,7.6,54.3,8.9,3.19,36.85,3.23,0.07,14612.5,48254,65350,0.74,25.72,56.99,39.56,12.13,76.03,9.49,86.49,189135,19.57,20.04,1.31,0.16,1.53,0.03,1.7,94.19,1.08,41.96,15,17,30.7,8.8,21.72,28.57,4.81,95.44,75.86,7.86,14.51,100.1,9.8,10.55
Cambria,CAMBRIA,42021,8.87,18.11,5518,45,16.1,133.36,75.81,448.99,45.9,6.63,49.92,3.07,3.08,48653,4.93,19.02,16.25,118.67,13.7,16.7,9.2,128.6,13.5,6.35,41.3,5.03,0.27,14140.54,37115,47971,0.77,50.66,69.83,54.35,23.59,74.74,9.78,77.93,128672,19,23.73,3.59,0.15,0.54,0.05,1.76,92.32,1.59,32.01,19.3,21.9,35.4,7.6,20.08,23.08,5.77,92.01,64.83,9.54,26.74,169.1,8.4,11.62
Cameron,CAMERON,42023,8.36,28.95,4676,50,22,70.99,78.2,382.86,,,,3.8,3.54,46151,,,,,14.7,17.6,9.5,,14.2,3.02,40.45,,,17618,34432,41613,0.83,33.71,,49.63,,67.14,11.64,75.71,4330,17.14,29.26,0.69,0.44,0.46,0.07,1.59,95.57,1.18,47.35,20.6,24.7,37,7.8,20.51,0,6.1,91.28,57.43,12.57,34.29,126.4,6.8,10.99
Carbon,CARBON,42025,8.46,17.5,4328,44,18.9,128.78,76.24,422.74,42.69,,47.28,3.09,2.99,60593,3.35,26.54,21.57,88.97,13.3,16,9,253.3,11.7,1.83,40.08,10.12,0.05,14716.8,40968,50564,0.81,48.17,64.55,36.26,13.33,74.94,12.72,83.09,64081,18.95,22.17,1.89,0.39,0.61,0.1,5.72,90.52,0.77,47.16,19.2,21.7,34.8,8.4,19.78,20,6.71,89.72,56.15,9.77,22.49,248.85,8.3,14.08
Centre,CENTRE,42027,5.82,2.69,3500,56,9.4,45.14,82.51,211.16,31.89,3.76,8.42,3.42,3.46,62795,1.06,11.36,6.54,73.24,12.4,14.6,8.8,144.3,9.3,3.08,37.42,1.19,0.1,17021.5,45264,55780,0.81,24.52,56.56,43.49,7.59,62.45,17.4,83.48,161496,14.8,15.48,3.64,0.17,6.27,0.09,3.04,85.45,1.34,32.22,17.1,19,32.1,8.7,19.6,26.56,8.17,94.49,75.39,5.84,13.68,88.62,8.7,17.72
Chester,CHESTER,42029,6.52,6.19,3723,45,5.8,62.5,81.24,238.94,30.26,4.27,25.1,3.5,3.47,107491,1.43,11.6,6.59,80.69,9.6,12.4,7.4,121.9,6.3,6.19,32.8,4.03,0.13,16409.92,60782,82552,0.74,25.62,47.78,34.67,9.65,74.99,11.16,90.53,526759,22.32,17.3,5.65,0.31,6.53,0.07,7.56,78.4,1.48,13.28,13.7,13.7,29.3,9,18.6,28.74,5.9,94.28,78.19,6.44,14.5,135.49,8.8,13.27
Clarion,CLARION,42031,6.27,11.82,3654,47,15.2,81.04,77.5,380.61,55.4,7.61,22.51,3.27,3.35,52642,,20.96,17.14,78.39,14.4,17.1,9.2,210.2,13.3,5.95,39.19,10.16,0.11,15930.14,36210,46877,0.77,44.07,68.39,41,19.38,69.52,11,79.75,38305,18.86,20.74,1.15,0.25,0.72,0.03,1.13,95.77,0.95,76.56,20.2,23.3,35.8,7.7,20.54,25,8.17,90.56,56.69,8.23,16.99,127.79,8.2,12.1
Clearfield,CLEARFIELD,42033,8.3,20.73,4716,54,19.9,91.31,77.24,374.78,67.77,7.12,25.29,3.09,3.11,48794,2.14,21.66,16.85,40.8,14.4,16.8,9.8,112.6,13,5.79,42.88,8.28,0.05,16082.86,35674,45794,0.78,61.86,71.96,25.91,,77.42,9.94,75.66,78612,17.99,21.41,2.6,0.24,0.65,0.03,3.13,92.68,0.67,53.85,21.6,23.7,37.7,7.7,18.86,19.12,7.15,88.09,49.55,9.2,20.61,265.92,8.1,11.26
Clinton,CLINTON,42035,6.67,14.04,3567,50,18.2,73.9,77.99,365.29,57.93,,11.28,2.9,2.96,54652,,16.01,14.47,50.24,14.2,17.2,9.3,93.3,13.3,3.44,40.65,10.14,0.05,16362,36549,46342,0.79,50.09,75.15,25.1,21.08,69.64,11.2,78.11,37957,20.1,19.63,1.42,0.21,0.72,0.07,1.77,94.89,0.92,45.69,20.1,23.1,34,7.9,20.35,24.24,7.26,89.78,48.83,8.71,17.23,154.73,7.6,11.39
Columbia,COLUMBIA,42037,8.26,9.32,2785,48,13.2,83.02,78.3,364.72,36.94,,28.68,3.24,3.42,56176,3.25,19.01,15.87,80.67,13.6,16.5,9.1,184.1,11.7,2.6,39.63,5.84,0.08,16228,40033,49302,0.81,41.02,50.16,30.13,16,68.24,10.71,81.44,64842,17.5,20.37,1.71,0.24,1.15,0.07,3.27,92.74,0.82,40.85,19.1,22.1,35.1,8.3,19.39,20.59,6.6,90.84,61.5,8.11,19.97,173.93,8,11
Crawford,CRAWFORD,42039,8.01,18.3,3620,51,18.3,92.3,77.01,383.15,69.93,7.81,29.2,2.88,2.9,52372,2.34,18.59,12.45,69.87,14.1,17.1,9.1,89.7,12.4,4.06,40.26,9.34,0.07,15261,36641,47592,0.77,53.24,73.34,42.49,17.04,72.77,8.98,80.15,83697,20.41,21.85,1.89,0.26,0.6,0.03,1.46,94.64,1.12,63.7,19.9,23.9,33,8,19.54,42,8.62,89.85,50.04,8.88,20.95,96.62,8.6,12.41
Cumberland,CUMBERLAND,42041,7.23,9.41,2869,52,8.8,64.88,80.08,286,39.96,5.12,19.59,3.33,3.38,69546,1.54,11.61,8.5,83.58,11.2,13.8,8.1,135.2,8.1,5.28,36.53,4.61,0.08,14003.29,50070,58980,0.85,31.81,50.65,35.19,18.42,69.71,9.82,87.11,255857,20.34,19.22,4.36,0.24,5.1,0.06,4.59,83.77,1.88,22.18,15.9,17.5,34.5,8.8,21.58,23.36,6.85,92.88,70.56,6.66,18.09,86.29,9.8,11.03
Dauphin,DAUPHIN,42043,9.47,22.88,3901,48,15.5,87.82,78.18,366.77,58.49,7.17,36.28,2.9,2.89,63265,6.84,13.34,11.77,88.23,12.7,14.5,9.6,510.6,9.7,8.48,38.72,4.54,0.17,15387.45,43489,53692,0.81,63.84,57.28,46.5,31.54,63.36,12.38,84.52,279874,22.41,17.78,17.16,0.48,5.94,0.11,10.39,63.55,2.37,13.32,19.2,18.9,35.3,8.1,18.96,23.61,7.73,91,66.09,8.84,31.42,402.83,8.8,14.38
Delaware,DELAWARE,42045,8.83,10.96,3793,43,11.4,87.75,78.01,362.17,51.14,7.07,37.63,3.09,3,75174,8.02,12.34,11.92,126.29,11.4,13.8,8.9,334.5,8.5,2.38,37.94,6.95,0.3,17785.2,51938,65275,0.8,52.87,73.28,59.94,19.77,68.67,14.97,88.25,566753,21.93,17.28,22.27,0.23,6.41,0.06,4.29,64.87,1.87,0.46,16.8,17.2,32.1,9,20.24,27.07,6.26,93.16,70.71,9.14,27.99,396.07,11.9,16.02
Elk,ELK,42047,7.38,18.05,4406,53,10.7,124.37,78.42,352.48,47.62,,24.53,3.35,3.41,52952,,22.6,15.3,39.21,12.9,16,8.5,50.2,10.7,4.72,38.92,,0.03,15465.67,35710,48818,0.73,46.53,54.75,46.31,10.74,78.45,5.9,79.23,29607,19.07,23.11,0.43,0.21,0.39,0.02,0.86,97.19,0.9,55.68,17.9,22.8,35.4,8.3,20.39,30.77,5.81,93.01,60.98,12.3,22.81,106.5,7.4,6.74
Erie,ERIE,42049,8.71,20.79,4152,51,18,85.01,77.58,380.99,47.74,6.43,26.78,3.01,3.11,55181,4.69,16.98,12.34,66.55,13.7,16.3,9,155.2,12.5,13.74,39.36,5.6,0.23,13792.69,38156,49042,0.78,64.44,62.96,51.16,21.58,66.98,13.09,83.09,268426,20.93,19.19,7.29,0.29,2.06,0.07,4.63,83.59,2.07,20.02,18.9,21.5,35.1,7,19.46,27.59,7.09,91.49,62.98,9.8,30.88,224.84,8.8,14.3
Fayette,FAYETTE,42051,9.19,28.77,5129,43,23.5,120.08,74.87,491.31,62.24,8.35,43.32,2.94,2.87,45256,4.78,17.23,17.18,76.68,14.8,17.8,9.8,101.9,14.6,6.35,40.63,8.94,0.1,14351.67,36579,50613,0.72,72.35,54.04,41.07,42.43,73.43,11.26,78,128126,19.09,22.31,4.67,0.22,0.42,0.18,1.34,91.45,1.72,47.9,21.6,24.2,38.5,7.4,19.3,35.78,6.85,88.81,51.62,11.7,27.06,204.56,8.5,13.08
Forest,FOREST,42053,9.39,21.19,3398,47,29.9,80.31,77.22,391.42,,,,3.28,3.26,40667,,,,,15.8,16.4,11.7,87.8,14.7,15.01,43.45,,,24687,30441,41004,0.74,88.17,,,14,83.15,9.59,62.51,6965,4.25,25.04,19.64,0.53,0.19,0.01,6.66,72.66,0.31,100,25.6,26.3,40.3,6.5,19.04,33.33,7.23,83.72,27.78,10.62,24.12,468.48,7.5,11.66
Franklin,FRANKLIN,42055,7.1,19.69,3258,47,12.2,67.09,78.86,339.09,45.9,5.45,15.25,3.18,3.16,57812,1.85,13.26,10.6,94.04,13.1,15.9,8.8,116.2,9.8,6.28,37.94,5.6,0.11,12631,40751,51288,0.79,47.03,45.1,36.77,19.43,70.9,8.93,83.05,155637,21.95,20.36,3.52,0.33,1.12,0.07,6.44,86.97,1.55,40.35,19,20.8,36.8,8.3,18.84,19.19,8.51,88.76,54.39,7.61,20.12,146.15,8.7,10.85
Fulton,FULTON,42057,7.88,24.15,3334,41,14.5,92.05,78.45,332.97,,,22.96,3.27,3.36,61202,,15.01,13.74,63,13.9,17.1,9,55.9,11.3,0.87,39.53,,0.07,15986.67,36730,50078,0.73,39.64,60.32,26.08,10.71,78.25,10.18,74.25,14501,19.72,22.23,1.34,0.31,0.24,0.01,1.33,95.66,1.11,100,19.8,24.1,35.7,8.6,20.2,10,6.83,89.26,48.69,11.54,21.58,216.07,7.9,12.02
Greene,GREENE,42059,9.89,20.18,6504,42,16.6,99.82,75.31,465.91,49.91,,28.61,2.99,3.18,59324,,17.19,13.71,67.7,13.8,16.7,9.3,112.2,12.9,6.63,40.56,8.01,0.07,17025.8,33882,53623,0.63,43.27,,24.29,5.94,75.24,8.53,80.75,35621,19.22,20.06,3.47,0.27,0.37,0.03,1.62,93.19,1.05,66.83,19.9,23.9,37.3,7.7,20.33,42.5,6.39,87.6,50.27,9.74,25.4,187.07,6.4,9.39
Huntingdon,HUNTINGDON,42061,7.23,18.31,4089,50,14.2,80.08,78.3,345.23,70.86,8.19,22.98,2.86,2.82,55282,,21.02,11.5,105.11,13.7,16.3,9.3,116,12.2,0.47,40.67,4.3,0.09,13731,39761,47996,0.83,50.89,52.28,44.37,,77.04,7.62,79.96,44590,17.68,21.7,5.51,0.18,0.77,0.03,2.06,90.46,0.99,68.66,19.8,23.1,36.2,8.4,20.58,26.92,7.11,89.78,48.94,10.44,19.31,182.21,8.6,10.5
Indiana,INDIANA,42063,7.62,10.11,3695,44,17.7,109.08,77.59,382.85,42.74,5.5,38.85,3.17,3.28,53533,2.17,14.26,10.62,93.51,14.3,17.1,9.3,61.2,12.5,2.53,38.82,9.33,0.08,17730.29,35450,51020,0.69,44.25,68.98,48.07,12.86,70.06,11.87,75.41,83664,17.94,20.52,2.55,0.2,1.06,0.01,1.44,93.76,0.98,60.07,20.2,23.3,32.8,8.2,19,32.31,8.22,90.77,61.92,9.1,15.01,283.65,8.6,15.06
Jefferson,JEFFERSON,42065,7.69,21.95,4325,51,15.4,91.72,77.27,391.6,48.85,,29.19,3.33,3.39,52856,,15.29,11.01,77.99,14.5,17.4,9.4,,12.9,2.32,41.23,14.06,0.03,14972.33,32851,46546,0.71,54.36,,36.29,,74.81,9.03,77.4,43108,21.3,21.78,0.49,0.27,0.3,0.02,1.04,96.98,0.9,61.46,20.6,24.6,37.4,8.1,20.36,3.23,7.81,90.58,47.71,8.79,17.14,134.77,8,11.26
Juniata,JUNIATA,42067,6.33,15.35,2731,56,14.6,73.71,78.92,323.15,63.64,,,2.9,3.08,59591,,14.57,11.34,159.4,14.4,17.2,9.4,86.1,10.7,2.48,39.69,7.92,0.05,12737,33702,45550,0.74,46.48,53.84,22.07,,73.86,7.69,75.25,24619,22.15,21.14,0.69,0.39,0.45,0.03,4.06,93.78,0.6,82.25,21.2,24.1,37,8.5,19.51,46.67,11.35,83.09,46.06,7.16,9.84,84.95,8.6,10.69
Lackawanna,LACKAWANNA,42069,8.61,16.5,4103,46,16.3,93.96,76.56,424.71,42.53,6.56,40.51,3.05,2.92,56911,2.24,16.76,10.56,78.4,13,15.4,9.3,228.2,12.7,4.07,39.13,6.93,0.15,13562.8,41654,50795,0.82,60.59,59.31,41.88,16.7,64.19,13.34,81.5,208989,20.37,20.64,3.26,0.34,3.21,0.07,8.91,83.01,1.2,16.31,18.8,20.9,34.5,8,18.87,23.53,7.11,91.49,63.7,9.59,27.7,213.4,8.3,15.79
Lancaster,LANCASTER,42071,6.61,13.33,2684,51,9.8,72.62,79.98,291.5,46.3,5.75,22.93,3.23,3.13,73006,2.09,11,8.47,88.93,12.5,14.9,9.2,175.1,9,4.85,37.41,7.27,0.17,14908,42125,55131,0.76,46.52,58.66,49.04,14.86,69.36,12.09,81.59,546192,23.23,18.96,3.6,0.45,2.61,0.11,11.21,80.92,1.1,21.26,18.8,20,31.3,8.6,18.37,21.17,11.18,85.64,58.88,7.5,16.39,170.43,10.1,14.82
Lawrence,LAWRENCE,42073,8.91,20.73,4335,43,18.3,118.99,75.77,447.12,73.04,5.46,43.62,3.1,2.92,50373,4.93,19.7,17.4,90.97,13.6,16.7,9.1,97.9,12.7,6.88,39.56,4.75,0.18,14965.75,37072,52017,0.71,57.52,63.65,49.82,17.59,74.75,10.52,80.86,85083,19.92,22.95,4.19,0.18,0.45,0.02,1.67,91.34,2.15,40.32,19.2,22.4,34.5,7.7,19.76,18.18,6.57,91.31,60.76,10.32,26.69,228.82,9.4,13.33
Lebanon,LEBANON,42075,8.22,19.9,2720,53,12.9,70.94,78.43,343.45,37.43,4.48,21.19,3.11,3.04,63605,1.74,13.95,10.66,70.78,13,15.4,9.5,179.1,9.8,4.47,38.25,8.08,0.22,13195,39599,52222,0.76,49.57,57.15,44.3,14.39,70.53,10.65,82.4,141663,22.56,20.14,2.04,0.41,1.7,0.09,14.49,80.49,0.78,26.56,19.9,21.4,35,8.5,19.21,15.15,8.19,87.65,54.72,7.95,24.83,153.94,9.4,13.16
Lehigh,LEHIGH,42077,8.3,20.11,4151,53,18.6,85.92,78.98,322.2,44.39,6.27,27.43,3.03,3.03,65733,3.6,13.58,9.63,103.17,12.8,14.4,10.2,382.3,10,4.19,38.1,4.07,0.23,15982.44,43855,55042,0.8,54.13,47.03,42.85,17.58,64.72,14,85.42,370802,22.58,17.37,5.92,1.08,3.9,0.19,27.09,61.45,0.37,7.93,20.4,17.6,37.4,8.5,18.31,25.71,8.06,89.53,64.49,9.57,28.64,231.03,8.8,15.74
Luzerne,LUZERNE,42079,8.22,21.77,4105,47,23.7,104.11,75.67,458.79,54.65,6.2,48.21,2.92,2.76,52281,3.64,18.28,12.42,91.09,13.7,15.3,9.6,164.7,12.5,5.06,43.05,9.15,0.25,13817.33,39571,49155,0.81,70.68,58.79,48.49,13.25,68.03,11.79,80.51,316982,19.95,20.36,4.3,0.72,1.45,0.1,14.85,78.07,0.51,19.98,20.5,21.7,33.2,7.9,21.22,23.29,7.43,90.16,60.44,10.87,32.49,264.47,8.3,13.24
Lycoming,LYCOMING,42081,8.43,19.09,2623,58,19.3,83.44,77.43,379.14,59.2,7.09,28.81,3.25,3.39,56751,9.35,17.5,10.01,70.57,13.1,16.3,9,198.3,12.1,8.43,36.72,9.28,0.14,13971.13,35632,48849,0.73,47.26,68.25,47.65,31.04,68.57,12.4,81.74,113209,20.44,20.31,4.6,0.27,0.76,0.04,2.19,89.99,2.15,36.28,18.5,22.3,34.2,7.7,19.58,30.36,6.67,90.47,61.46,8.79,24.22,211.99,7.7,13.84
McKean,MCKEAN,42083,8.4,21.65,5035,52,20,69.22,76.9,409.72,46.56,,17.22,2.96,2.86,52359,,13.8,9.75,41.72,14.2,16.8,9.6,51.4,13.7,0.71,40.29,,0.05,14966,37593,47608,0.79,71.39,,39.9,23.85,74.37,8.98,78.3,40333,19.63,20.31,2.34,0.38,0.65,0.06,2.34,93.2,1.03,63.54,20,23.8,35.5,8.1,19.94,33.33,6.33,91.78,52.53,9.88,24.32,287.8,7.1,9.96
Mercer,MERCER,42085,7.85,18.11,4125,48,20.3,106.63,76.25,432.54,63.41,7.37,44.12,3.24,3.29,51743,4.22,17.65,15.18,87.71,13.7,16.3,9.1,84.2,12.6,7.86,38.81,5.55,0.25,17126.25,37700,50858,0.74,51.43,69.2,60.31,18.04,71.81,8.94,80.39,108545,19.06,22.85,5.72,0.24,0.74,0.03,1.62,89.88,1.77,44.49,19.5,22,33.7,7.6,19.44,30.77,7.13,89.85,58.2,9.68,26.15,215.58,8.2,11.77
Mifflin,MIFFLIN,42087,6.93,21.95,2972,52,21,86.96,76.92,398.06,82.47,10.27,19.51,2.73,2.82,54517,,18.48,14.71,152.73,15,18,9.6,69.6,12.4,6.94,40.29,12.28,0.05,12968,35189,44140,0.8,58.29,66.7,48.36,16.52,73.01,7.94,75.67,46064,22.37,22.25,0.83,0.18,0.54,0.03,1.77,95.67,0.98,50.47,21.8,25.5,37.2,7.7,19.07,26.67,9.56,84.78,43.18,8.36,16.58,131.28,8.5,13.38
Monroe,MONROE,42089,9.28,9.75,5139,47,13.5,91.82,78.21,362.65,40.69,6.17,33.53,3.08,3.12,71686,3.48,16.36,12.56,97.8,12.7,14.5,10.2,231.9,9.4,5.51,40.67,6.1,0.06,19002.25,42208,53805,0.78,45.84,38.31,35.63,11.56,77.08,14.67,87.59,170154,19.32,18.52,13.98,0.68,2.71,0.14,17.62,63.48,1.39,38.35,19.8,19.5,35.7,8.5,19.28,29.17,8.32,89.57,60.2,11.54,24.37,234.89,8.3,17.25
Montgomery,MONTGOMERY,42091,7.32,6.54,3643,48,5.7,69.84,80.46,274.75,29.3,4.11,26.55,3.42,3.45,94094,1.9,12.58,6.81,92.89,9.9,13,8,131.2,6.9,3.77,39.56,3.76,0.13,18683.33,58721,74902,0.78,28.8,49.78,34.63,11.76,71.86,12.19,91,833869,21.36,18.55,9.52,0.26,8.25,0.07,5.64,74.5,1.76,2.93,14.3,14.9,29.6,9.1,20.1,20.83,4.88,94.35,79.87,7.61,17.1,135.48,7.7,14.07
Montour,MONTOUR,42093,7.37,13.93,2728,55,13,126.2,77.98,373.46,,,33.02,3.48,3.46,63341,10.13,19.68,12.07,79.97,12.5,15.3,8.6,141.4,10.5,4.27,37.37,,0.01,15360,43306,59885,0.72,30.79,,45.04,,68.98,9.53,79.16,18042,20.15,22.15,1.93,0.23,3.53,0.03,2.79,90.43,1.06,53.77,18,20.4,33.8,8.4,19.41,6.25,6.22,91.11,64.65,6.13,25.16,277.3,8.1,10.36
Northampton,NORTHAMPTON,42095,8.21,10.76,4043,52,10.4,81.16,79.74,309.05,28.5,4.33,30.57,3.16,3.13,73903,1.88,15,8.21,85.93,11.6,13.9,8.9,72.8,8.6,4.75,40.52,4.09,0.14,15682,45513,57480,0.79,44.32,48.87,40.58,25.17,71.2,12.04,84.92,305892,19.64,19.96,5.79,0.45,3.14,0.13,14.62,74.66,1.21,12.77,17.2,18,32.6,8.7,21.28,25.23,5.84,91.26,66.89,8.96,20.98,212.26,9.7,14.25
Northumberland,NORTHUMBERLAND,42097,7.81,25.56,3903,54,16.9,99.4,76.13,429.97,54.72,6.22,39.68,3.06,3.03,47825,2.95,13.41,8.54,152.84,14.3,16.9,9.4,113.6,12.7,2.25,39.3,12.5,0.07,13515.67,36801,47265,0.78,52.42,58.5,36.3,27.83,71.18,9.92,77.35,90258,19.45,22.2,2.65,0.3,0.49,0.04,4.18,91.46,0.88,34.86,20.9,23.9,38,8.1,18.97,22.81,6.37,89.14,50.22,9.37,23.38,251.14,8.5,12.33
Perry,PERRY,42099,6.95,21.48,3205,50,12.1,98.02,77.65,362.83,58.33,6.11,31.02,3.15,3.13,68991,,19.37,13.44,67.39,13.5,16.7,8.9,51,9.6,2.29,39.86,7.81,0.06,14655,43139,55138,0.78,38.57,45.17,20.63,13.33,81.11,8.02,82.2,46212,21.15,19.71,1.04,0.32,0.52,0.05,2.23,94.91,0.93,88.5,19.6,22.4,33.9,8.8,20.91,42.86,9.02,88.14,49.21,6.75,13.46,187.63,9,9.84
Philadelphia,PHILADELPHIA,42101,10.91,27.24,5366,41,27,120.44,75.29,508.94,68.54,7.54,64.66,2.49,2.26,55102,21.07,10.09,23.93,140.6,15,16.2,13.1,1294,14.4,0.31,45.31,9.31,0.31,12421,44608,50929,0.88,96.37,70.11,58.26,15.56,52.81,20.23,80.55,1578487,21.46,14.38,40.24,0.91,7.9,0.18,15.57,34.15,1.05,0,24,20.2,32.9,8,17.43,17.66,8.96,85.74,65.08,12.37,48.96,1001.47,9.8,23.03
Pike,PIKE,42103,7.97,9.08,3609,40,13.6,98.9,79.73,349.86,30.17,,36.95,,3.32,66614,3.07,16.88,14.33,52.87,12,14.4,9.2,262.8,9.9,2.67,40.02,6.45,0.11,20435.5,40768,62343,0.65,44.31,75.83,52.98,,84.3,16.54,88.37,56072,17.26,24.01,5.57,0.57,1.59,0.04,11.88,79.29,1.06,70.76,17.7,18.3,34.8,8.7,20.69,31.11,7.41,92.42,67.09,10.62,15.65,146.54,7.6,17.7
Potter,POTTER,42105,6.92,30.44,4506,44,19.7,98.45,78.95,356.59,,,,3.13,3,51744,,21.58,19.21,50.51,14.6,17.6,9.4,56.4,13.4,1.47,40.56,,0.1,17194.2,35000,44092,0.79,45.24,,34.57,20.63,77.93,10.67,79.89,16453,20,25.04,0.57,0.41,0.43,0.01,1.53,96.26,0.79,100,20.8,24.5,34.5,8.1,19.56,35.71,7.31,88.88,51.48,9.31,19.49,221.81,6.5,12.18
Schuylkill,SCHUYLKILL,42107,7.96,20.71,4394,42,17.4,110.38,75,478.08,63.76,8.35,42.44,3.09,2.95,52307,6.2,22.35,14.78,105.41,13.8,16.5,9.3,158.1,12,2.4,41.34,6.89,0.16,13805.18,37290,50974,0.73,51.76,54.5,43.87,17.41,75.21,10.11,79.39,140709,19.66,21.18,2.96,0.39,0.59,0.05,5.79,89.45,0.77,36.46,20.2,23.7,34.3,8.3,19.87,24.75,6.13,89.39,52.57,9.23,28.36,319.44,8.7,12.26
Snyder,SNYDER,42109,6.34,12.42,2786,58,13.8,69.14,80.76,277.64,,,15.67,3.3,3.36,58474,,10.61,6.42,65.26,13.6,16.6,8.9,69.4,10.9,2.83,39.12,5.24,0.05,13883,40131,45874,0.87,43.17,49.46,22.97,15.5,73.29,7.27,77.33,40317,20.6,19.95,1.07,0.18,0.68,0.07,2.37,94.81,0.82,66.82,19.2,22.7,34.5,8.4,20.17,29.17,8.67,86.7,50.16,7.65,12.37,188.06,8.4,11.08
Somerset,SOMERSET,42111,7.63,18.23,3064,47,16,99.76,77.65,375.74,49.17,4.95,24.06,3.27,3.38,51916,2.11,15.43,10.81,76.44,14,16.9,9.3,110.3,11.9,5.75,40.96,11.36,0.08,14998.64,34832,47058,0.74,45.69,97.01,46.5,11.77,79.81,7.34,75.05,72916,17.97,23.44,2.91,0.2,0.51,0.03,1.58,94.15,0.62,70.8,20.2,23.4,38.7,8,20.71,33.9,7.62,88.83,48.77,9.47,18.48,114.77,7.9,9.58
Sullivan,SULLIVAN,42113,5.56,21.8,2882,48,16.6,89.18,77.37,407.23,,,,3.27,3.43,52821,,,,,13.9,16.6,9.1,,12.1,11.34,39.52,,,21451,33829,43300,0.78,37.67,,31.64,,82.7,9.39,74.59,5913,9.86,30.05,2.91,0.54,0.46,0,2,93.24,0.85,100,19.9,23.6,35.1,7.4,20.36,0,8.8,89.9,44.02,8.51,21.75,79.18,6.8,9.56
Susquehanna,SUSQUEHANNA,42115,7.37,17.49,4398,43,16.3,92.22,78.49,345.51,53.21,,19.85,3.15,3.04,55560,3.84,19.89,16.27,53.32,13.6,16.6,8.9,93.9,11.4,6.11,40.51,7.75,0.07,18020.67,36402,47488,0.77,45.1,71.72,30.35,10.28,77.41,11.76,83.19,40006,18.66,24.69,0.63,0.23,0.41,0.06,1.81,95.95,0.91,84.03,19.3,22.4,35.5,8,19.87,41.18,8.46,90.45,48.18,7.34,22.63,126.08,7.4,13.17
Tioga,TIOGA,42117,5.86,19.71,3121,48,16.4,79.9,78.37,341.56,61.93,,18.89,2.96,2.91,47683,,19.04,13.73,116.17,14,16.9,9,68.8,12.7,9.38,40.36,6.06,0.05,14352,35352,49488,0.71,50.43,58.38,26.85,,74.59,10.4,80.03,40381,19.72,23.04,0.74,0.27,0.59,0.02,1.35,96.02,1.01,90.11,19.8,23.8,36.2,7.4,19.8,19.05,8.3,91.41,53.46,9.04,19.07,119.82,5.5,11.62
Union,UNION,42119,5.07,9.01,2583,59,11.5,50.86,82.06,243.84,34.48,,11.94,3.44,3.38,62306,,9.61,6.69,59.3,12.6,14.9,9.1,291.7,10.1,10.67,38.1,11.39,0.06,14133,40328,51363,0.79,37.13,55.51,36.63,,70.55,11.47,74.96,44294,17.71,19.03,6.12,0.56,1.65,0.07,6.1,84.58,0.92,42.81,19,20.2,36.1,7.8,20.73,37.5,8.41,87.84,52.11,6.76,11.16,66.92,8.2,12.69
Venango,VENANGO,42121,7.87,24.8,4605,47,22.8,89.24,77.17,412.37,61.07,7.43,24.3,3.09,3,52559,,21.63,15.2,63.18,14,17.1,9.3,45.5,12.8,1.96,39.66,12.61,0.07,14704.25,36578,44820,0.82,64.17,84.68,40.96,36.52,73.17,8.24,81.24,50328,18.79,24.14,1.17,0.24,0.49,0.05,1.15,95.73,1.17,54.76,19.5,23.2,35.9,8.2,19.95,26.83,6.87,91.02,51.44,8.93,23.39,134.6,8.3,10.18
Warren,WARREN,42123,8.12,20.62,3251,45,16.5,79.07,78.53,340.08,32.84,,11.9,2.99,2.78,52729,,14.45,10.14,54.56,13.4,16.6,8.9,14.8,11.7,4.33,39.84,7.27,0.04,15991,35793,47693,0.75,64.2,75.02,25.12,18,77.63,7.68,78.72,38911,19.36,24.21,0.5,0.33,0.48,0.07,1.2,96.57,0.85,55.04,18.7,22.5,36.3,8.1,20.37,36.67,6.48,93.2,58.71,8.06,21.43,185.64,7.6,9.66
Washington,WASHINGTON,42125,7.49,11.91,4606,43,10.8,110.78,77.09,400.56,35.98,4.69,42.19,3.47,3.49,65808,2.55,17,13.41,41.5,12.1,15.1,8.1,62.2,10.1,9.65,39.02,4.45,0.11,14966.79,42277,61639,0.69,37.59,57.82,38.33,21.13,74.95,8.57,84.95,206803,19.46,21.5,3.21,0.19,1.18,0.03,1.9,91.72,1.77,30.82,16.8,19.2,34.8,7.9,21.48,28.24,5.86,93.51,70.56,9.39,19.69,176.39,9.4,10.21
Wayne,WAYNE,42127,7.59,13.3,3704,45,14.4,107.54,78.22,368.77,,,32.51,3.27,3.67,55627,3.63,26.64,23.85,31.16,13.3,15.7,9.3,72.4,11.2,0.87,40.29,9.21,0.04,20828.5,38174,46152,0.83,49.46,67.17,33.01,9.75,80.92,12.59,82.12,51163,16.23,25.11,3.19,0.37,0.78,0.04,4.95,89.74,0.93,88.09,19.6,21.1,35.2,8.6,20.69,29.55,7.57,89.99,51.94,9.17,19,110.88,7.5,14.01
Westmoreland,WESTMORELAND,42129,7.34,11.29,3913,44,11.2,111.93,77.63,373.44,39.12,5.16,37.74,3.43,3.51,59349,2.35,16.74,12.25,68.16,12.1,15.2,8.2,47.9,10.4,7.65,39.86,3.39,0.16,14143.35,42246,57222,0.74,38.66,66.4,44.42,19.35,77.57,9.33,83.15,347087,18.12,23.84,2.52,0.15,1.01,0.02,1.36,93.48,1.46,25.36,16.7,20.5,35.5,8.1,22.82,33.33,5.52,94.83,72.21,9.1,18,168.58,6.9,10.15
Wyoming,WYOMING,42131,6.79,15.85,3833,44,15,103.52,76.14,423.94,52.7,,48.51,3.21,2.98,59305,,21.6,14.05,71.13,13,16.1,8.7,34.5,10.6,0.24,39.71,,0.03,18919,37724,52014,0.73,52.17,,21.83,,75.81,9.9,84.97,26557,19.16,22.66,0.93,0.27,0.55,0.02,2.1,95.17,0.96,83.46,17.9,21.5,35.4,8.8,21.17,31.58,5.97,92.82,53.82,8.37,20.86,135.85,7.7,11.73
York,YORK,42133,8.4,18.13,3570,52,9.1,95.82,78.6,342.99,37.99,5.08,34.35,3.14,3.13,71655,4.45,16.62,12.69,67.73,12.3,15.5,8.5,221.4,9,5.44,38.88,7.74,0.17,14704,43164,56127,0.77,38.83,51.54,42.83,25.22,74.83,10.71,85.05,450448,21.8,18.45,5.87,0.39,1.57,0.08,8.46,82.07,1.56,24.72,18,19.3,34.4,8.6,21.63,30.17,6.13,90.32,61.04,8.01,23.01,219.87,9.6,13.05
